{
  "IcoMoonType": "selection",
  "icons": [
    {
      "icon": {
        "paths": [
          "M0 170.667v-170.667h1536v170.667h-1536zM0 597.333h1536v-170.666h-1536v170.666zM0 1024h1536v-170.669h-1536v170.669z"
        ],
        "attrs": [],
        "width": 1536,
        "grid": 0,
        "tags": [
          "icon-cross"
        ]
      },
      "attrs": [],
      "properties": {
        "order": 50,
        "id": 18,
        "name": "icon-cross",
        "prevSize": 32
      },
      "setIdx": 0,
      "setId": 2,
      "iconIdx": 0
    },
    {
      "icon": {
        "paths": [
          "M136.533 0h819.2c75.405 0 136.533 61.128 136.533 136.533v750.933c0 75.405-61.128 136.533-136.533 136.533h-819.2c-75.405 0-136.533-61.128-136.533-136.533v-750.933c0-75.405 61.128-136.533 136.533-136.533z",
          "M270.133 529.18l-4.695-4.48-70.546 66.825 248.551 237.109 522.183-498.145-70.083-66.856-452.098 430.877-173.311-165.331z"
        ],
        "attrs": [
          {},
          {
            "strokeLinejoin": "miter",
            "strokeLinecap": "butt",
            "strokeMiterlimit": "4",
            "strokeWidth": 13.653333333333334
          }
        ],
        "width": 1092,
        "grid": 0,
        "tags": [
          "icon-check"
        ]
      },
      "attrs": [
        {},
        {
          "strokeLinejoin": "miter",
          "strokeLinecap": "butt",
          "strokeMiterlimit": "4",
          "strokeWidth": 13.653333333333334
        }
      ],
      "properties": {
        "order": 49,
        "id": 17,
        "name": "icon-check",
        "prevSize": 32
      },
      "setIdx": 0,
      "setId": 2,
      "iconIdx": 1
    },
    {
      "icon": {
        "paths": [
          "M1024 0l-1024 576 327.251 121.203 504.749-473.202-383.927 517.955 0.311 0.115-0.384-0.115v282.048l183.522-214.106 232.482 86.106 159.996-896.004z"
        ],
        "attrs": [],
        "grid": 0,
        "tags": [
          "icon-send"
        ]
      },
      "attrs": [],
      "properties": {
        "order": 48,
        "id": 16,
        "name": "icon-send",
        "prevSize": 32
      },
      "setIdx": 0,
      "setId": 2,
      "iconIdx": 2
    },
    {
      "icon": {
        "paths": [
          "M853.333 170.667h-682.667c-46.933 0-84.907 38.4-84.907 85.333l-0.427 512c0 46.933 38.4 85.333 85.333 85.333h682.667c46.933 0 85.333-38.4 85.333-85.333v-512c0-46.933-38.4-85.333-85.333-85.333zM836.267 352l-301.653 188.587c-13.653 8.533-31.573 8.533-45.227 0l-301.653-188.587c-10.667-6.827-17.067-18.347-17.067-30.72 0-28.587 31.147-45.653 55.467-30.72l285.867 178.773 285.867-178.773c24.32-14.933 55.467 2.133 55.467 30.72 0 12.373-6.4 23.893-17.067 30.72z"
        ],
        "attrs": [],
        "grid": 0,
        "tags": [
          "icon-mail"
        ]
      },
      "attrs": [],
      "properties": {
        "order": 47,
        "id": 15,
        "name": "icon-mail",
        "prevSize": 32
      },
      "setIdx": 0,
      "setId": 2,
      "iconIdx": 3
    },
    {
      "icon": {
        "paths": [
          "M512 512c94.293 0 170.667-76.373 170.667-170.667s-76.373-170.667-170.667-170.667c-94.293 0-170.667 76.373-170.667 170.667s76.373 170.667 170.667 170.667zM512 597.333c-113.92 0-341.333 57.173-341.333 170.667v42.667c0 23.467 19.2 42.667 42.667 42.667h597.333c23.467 0 42.667-19.2 42.667-42.667v-42.667c0-113.493-227.413-170.667-341.333-170.667z"
        ],
        "attrs": [],
        "grid": 0,
        "tags": [
          "icon-person"
        ]
      },
      "attrs": [],
      "properties": {
        "order": 46,
        "id": 14,
        "name": "icon-person",
        "prevSize": 32
      },
      "setIdx": 0,
      "setId": 2,
      "iconIdx": 4
    },
    {
      "icon": {
        "paths": [
          "M796.217 632.752l-104.567-11.941c-25.116-2.884-49.818 5.763-67.521 23.467l-75.75 75.753c-116.509-59.284-212.021-154.387-271.305-271.309l76.163-76.164c17.703-17.703 26.348-42.404 23.466-67.517l-11.939-103.748c-4.941-41.581-39.934-72.87-81.927-72.87h-71.223c-46.521 0-85.22 38.699-82.339 85.221 21.82 351.588 303.006 632.362 654.182 654.184 46.518 2.879 85.22-35.817 85.22-82.341v-71.219c0.41-41.586-30.879-76.578-72.459-81.516z"
        ],
        "attrs": [],
        "grid": 0,
        "tags": [
          "icon-phone"
        ]
      },
      "attrs": [],
      "properties": {
        "order": 45,
        "id": 13,
        "name": "icon-phone",
        "prevSize": 32
      },
      "setIdx": 0,
      "setId": 2,
      "iconIdx": 5
    },
    {
      "icon": {
        "paths": [
          "M1024 103.132l-103.132-103.132-408.868 408.868-408.868-408.868-103.132 103.132 408.868 408.868-408.868 408.868 103.132 103.132 408.868-408.868 408.868 408.868 103.132-103.132-408.868-408.868 408.868-408.868z"
        ],
        "attrs": [],
        "grid": 0,
        "tags": [
          "icon-close"
        ]
      },
      "attrs": [],
      "properties": {
        "order": 33,
        "id": 12,
        "name": "icon-close",
        "prevSize": 32
      },
      "setIdx": 0,
      "setId": 2,
      "iconIdx": 6
    },
    {
      "icon": {
        "paths": [
          "M1237.333 0h-1109.332c-70.584 0-128.001 57.417-128.001 128.001v767.999c0 70.579 57.417 128 128.001 128h1109.332c70.579 0 128-57.421 128-128v-767.999c0-70.584-57.421-128.001-128-128.001zM1237.333 85.333c5.794 0 11.307 1.203 16.35 3.303l-571.017 494.906-571.023-494.906c5.042-2.097 10.557-3.303 16.354-3.303h1109.335zM1237.333 938.667h-1109.332c-23.541 0-42.668-19.123-42.668-42.667v-717.209l569.375 493.458c8.043 6.956 18 10.417 27.959 10.417s19.916-3.457 27.959-10.417l569.375-493.458v717.209c0 23.543-19.123 42.667-42.667 42.667z"
        ],
        "attrs": [],
        "width": 1365,
        "grid": 0,
        "tags": [
          "icon-email"
        ]
      },
      "attrs": [],
      "properties": {
        "order": 34,
        "id": 11,
        "name": "icon-email",
        "prevSize": 32
      },
      "setIdx": 0,
      "setId": 2,
      "iconIdx": 7
    },
    {
      "icon": {
        "paths": [
          "M682.537 170.026h93.486v-162.816c-16.128-2.219-71.598-7.211-136.192-7.211-134.786 0-227.117 84.778-227.117 240.598v143.402h-148.736v182.016h148.736v457.984h182.358v-457.943h142.72l22.656-182.014h-165.417v-125.397c0.041-52.608 14.208-88.619 87.506-88.619z"
        ],
        "attrs": [],
        "grid": 0,
        "tags": [
          "icon-face"
        ]
      },
      "attrs": [],
      "properties": {
        "order": 36,
        "id": 10,
        "name": "icon-face",
        "prevSize": 32
      },
      "setIdx": 0,
      "setId": 2,
      "iconIdx": 8
    },
    {
      "icon": {
        "paths": [
          "M1022.996 301.059c-2.396-54.409-11.197-91.814-23.803-124.227-13-34.405-33.004-65.208-59.213-90.814-25.605-26.006-56.612-46.212-90.619-59.012-32.599-12.604-69.811-21.403-124.221-23.802-54.815-2.602-72.218-3.204-211.241-3.204-139.028 0-156.43 0.602-211.043 3.001-54.409 2.399-91.814 11.205-124.219 23.802-34.413 13.003-65.215 33.007-90.822 59.215-26.005 25.606-46.204 56.612-59.011 90.619-12.604 32.608-21.403 69.811-23.802 124.22-2.602 54.815-3.204 72.217-3.204 211.247 0 139.023 0.602 156.426 3.001 211.041 2.399 54.405 11.205 91.812 23.809 124.227 13.002 34.401 33.202 65.208 59.207 90.813 25.607 26.004 56.612 46.213 90.619 59.013 32.608 12.6 69.81 21.402 124.227 23.798 54.604 2.406 72.014 3 211.043 3 139.023 0 156.426-0.594 211.041-3 54.405-2.396 91.812-11.197 124.216-23.798 68.818-26.609 123.228-81.019 149.837-149.827 12.595-32.609 21.402-69.821 23.798-124.227 2.401-54.615 3-72.018 3-211.041 0-139.030-0.2-156.431-2.601-211.044zM930.785 719.14c-2.207 50.012-10.604 77.015-17.608 95.017-17.203 44.611-52.613 80.015-97.219 97.224-18.007 7.004-45.204 15.401-95.022 17.597-54.011 2.406-70.205 3-206.838 3-136.626 0-153.028-0.594-206.843-3-50.010-2.196-77.015-10.593-95.018-17.597-22.2-8.202-42.407-21.207-58.808-38.211-17.004-16.604-30.006-36.608-38.211-58.808-7.002-18.002-15.401-45.21-17.597-95.017-2.406-54.011-3-70.216-3-206.848 0-136.626 0.594-153.028 3-206.835 2.196-50.010 10.596-77.015 17.597-95.018 8.205-22.207 21.207-42.407 38.414-58.817 16.597-17.003 36.601-30.006 58.808-38.203 18.003-7.001 45.212-15.401 95.018-17.605 54.010-2.399 70.217-3.001 206.839-3.001 136.827 0 153.027 0.602 206.843 3.001 50.007 2.203 77.015 10.604 95.017 17.605 22.2 8.197 42.409 21.2 58.808 38.203 17.004 16.605 30.008 36.609 38.211 58.817 7.004 18.003 15.401 45.204 17.608 95.018 2.396 54.010 3 70.209 3 206.835 0 136.632-0.604 152.632-3 206.643z",
          "M513.9 249.047c-145.224 0-263.052 117.82-263.052 263.050 0 145.234 117.828 263.050 263.052 263.050 145.229 0 263.050-117.816 263.050-263.050 0-145.23-117.821-263.050-263.050-263.050zM513.9 682.732c-94.214 0-170.635-76.411-170.635-170.634 0-94.221 76.421-170.634 170.635-170.634 94.223 0 170.634 76.413 170.634 170.634 0 94.223-76.411 170.634-170.634 170.634z",
          "M848.768 238.648c0 33.913-27.494 61.41-61.414 61.41-33.915 0-61.414-27.497-61.414-61.41 0-33.921 27.5-61.411 61.414-61.411 33.92 0 61.414 27.49 61.414 61.411z"
        ],
        "attrs": [],
        "grid": 0,
        "tags": [
          "icon-insta"
        ]
      },
      "attrs": [],
      "properties": {
        "order": 37,
        "id": 9,
        "name": "icon-insta",
        "prevSize": 32
      },
      "setIdx": 0,
      "setId": 2,
      "iconIdx": 9
    },
    {
      "icon": {
        "paths": [
          "M1023.744 1024v-0.041h0.256v-375.552c0-183.722-39.552-325.247-254.336-325.247-103.255 0-172.544 56.661-200.832 110.378h-2.985v-93.226h-203.65v683.647h212.051v-338.519c0-89.129 16.896-175.315 127.278-175.315 108.754 0 110.377 101.715 110.377 181.034v332.841h211.84z",
          "M16.896 340.35h212.309v683.65h-212.309v-683.65z",
          "M122.966 0c-67.883 0-122.966 55.082-122.966 122.966s55.082 124.117 122.966 124.117c67.882 0 122.965-56.234 122.965-124.117-0.042-67.883-55.125-122.966-122.965-122.966v0z"
        ],
        "attrs": [],
        "grid": 0,
        "tags": [
          "icon-linc"
        ]
      },
      "attrs": [],
      "properties": {
        "order": 38,
        "id": 8,
        "name": "icon-linc",
        "prevSize": 32
      },
      "setIdx": 0,
      "setId": 2,
      "iconIdx": 10
    },
    {
      "icon": {
        "paths": [
          "M785.067 227.556l83.144 78.711h231.934v219.566l83.144 78.711v-376.989h-398.222z",
          "M716.8 302.95v366.219h386.844v-145.57l-232.982-220.559-153.863-0.090zM1029.952 615.6h-251.938v-246.302h17.808v229.624h234.13v16.678z",
          "M828.2 737.095l9.306-19.167h7.778l-13.555 25.556v14.889h-7.055v-14.889l-13.584-25.556h7.805l9.306 19.167zM868.145 748.956h-15.667l-3.278 9.416h-7.306l15.278-40.445h6.306l15.305 40.445h-7.333l-3.305-9.416zM854.449 743.289h11.723l-5.861-16.778-5.862 16.778zM895.838 747.455c0-1.871 0.51-3.583 1.528-5.138 1.018-1.575 3.028-3.435 6.028-5.583-1.574-1.982-2.676-3.667-3.305-5.056-0.611-1.389-0.917-2.732-0.917-4.028 0-3.166 0.963-5.666 2.889-7.5 1.926-1.851 4.519-2.777 7.778-2.777 2.945 0 5.352 0.87 7.223 2.611 1.889 1.723 2.833 3.86 2.833 6.417 0 1.685-0.426 3.24-1.278 4.666-0.852 1.407-2.251 2.815-4.195 4.222l-2.75 2 7.806 9.222c1.13-2.222 1.694-4.694 1.694-7.416h5.861c0 4.981-1.166 9.065-3.5 12.249l5.945 7.028h-7.834l-2.278-2.694c-2.889 2.166-6.333 3.249-10.333 3.249s-7.203-1.055-9.611-3.166c-2.389-2.13-3.584-4.898-3.584-8.306zM909.228 753.539c2.278 0 4.408-0.759 6.389-2.278l-8.833-10.416-0.861 0.611c-2.222 1.685-3.334 3.611-3.334 5.778 0 1.871 0.602 3.389 1.806 4.556s2.815 1.75 4.833 1.75zM905.505 727.484c0 1.555 0.955 3.509 2.862 5.861l3.083-2.111 0.861-0.695c1.148-1.018 1.723-2.323 1.723-3.916 0-1.056-0.398-1.954-1.195-2.694-0.796-0.76-1.806-1.139-3.028-1.139-1.315 0-2.362 0.444-3.139 1.333-0.778 0.889-1.167 2.008-1.167 3.361zM978.978 745.206c-0.407 4.314-2 7.685-4.779 10.111-2.777 2.406-6.472 3.61-11.083 3.61-3.222 0-6.064-0.759-8.528-2.278-2.444-1.536-4.333-3.713-5.666-6.527s-2.029-6.084-2.083-9.805v-3.777c0-3.815 0.676-7.176 2.028-10.084 1.352-2.907 3.287-5.147 5.805-6.722 2.537-1.574 5.464-2.361 8.778-2.361 4.464 0 8.055 1.213 10.778 3.639 2.722 2.426 4.305 5.852 4.75 10.278h-7.001c-0.333-2.907-1.184-4.999-2.555-6.277-1.352-1.297-3.343-1.944-5.972-1.944-3.055 0-5.407 1.121-7.055 3.361-1.629 2.222-2.463 5.491-2.5 9.805v3.583c0 4.371 0.777 7.704 2.334 10.001 1.574 2.296 3.87 3.444 6.888 3.444 2.759 0 4.833-0.62 6.223-1.861 1.389-1.24 2.269-3.305 2.639-6.194h7.001zM1017.561 739.205c0 3.963-0.685 7.444-2.056 10.445-1.37 2.982-3.334 5.278-5.889 6.889-2.536 1.592-5.462 2.388-8.777 2.388-3.278 0-6.204-0.796-8.778-2.388-2.555-1.611-4.537-3.898-5.945-6.862-1.389-2.963-2.092-6.38-2.111-10.249v-2.278c0-3.945 0.694-7.426 2.083-10.445 1.407-3.019 3.379-5.324 5.916-6.917 2.555-1.611 5.482-2.417 8.778-2.417s6.212 0.796 8.75 2.389c2.555 1.574 4.528 3.851 5.916 6.832 1.389 2.964 2.094 6.417 2.112 10.362v2.249zM1010.533 737.095c0-4.482-0.852-7.917-2.555-10.306-1.685-2.388-4.083-3.583-7.194-3.583-3.038 0-5.417 1.195-7.14 3.583-1.703 2.371-2.574 5.732-2.611 10.084v2.332c0 4.445 0.861 7.88 2.584 10.306 1.741 2.426 4.148 3.639 7.223 3.639 3.111 0 5.5-1.184 7.166-3.556 1.686-2.37 2.528-5.833 2.528-10.389v-2.111z"
        ],
        "attrs": [],
        "width": 1934,
        "grid": 0,
        "tags": [
          "icon-part1"
        ]
      },
      "attrs": [],
      "properties": {
        "order": 39,
        "id": 7,
        "name": "icon-part1",
        "prevSize": 32
      },
      "setIdx": 0,
      "setId": 2,
      "iconIdx": 11
    },
    {
      "icon": {
        "paths": [
          "M932.716 249.566h1.554c2.879 0 5.987 0.289 9.067 0.55 13.569 0.958 27.043 2.989 40.296 6.076v-32.578c-13.645-3.424-27.562-5.64-41.591-6.625-5.325-0.405-10.994-0.666-16.808-0.81h-4.865c-28.159 0.106-56.196 3.722-83.47 10.763-31.064 7.747-60.88 19.875-88.563 36.021v323.091c26.655-14.483 55.017-25.535 84.42-32.897 23.214-5.923 46.947-9.566 70.862-10.878h0.95c4.002-0.203 8.002-0.319 12.117-0.348v-33.098c-31.075 0.399-61.993 4.508-92.104 12.238-11.139 2.893-21.903 6.018-32.006 9.49l-11.513 3.906v-251.918l4.922-2.372c37.56-17.811 78.185-28.175 119.649-30.524 0.345-0.025 0.692-0.025 1.037 0 4.576-0.231 9.182-0.347 13.7-0.347h5.181c2.389 0.058 4.778 0.116 7.167 0.261z",
          "M1013.883 283.678c-7.57 0-15.053-0.261-22.278-0.81-8.635-0.637-17.5-1.678-25.904-3.096-5.123-0.868-10.16-1.909-15.054-3.038v319.388c20.716 5.129 41.987 7.637 63.322 7.465 28.157-0.115 56.191-3.719 83.47-10.735 31.069-7.757 60.898-19.884 88.592-36.021v-317.333c-26.647 14.475-55.001 25.536-84.39 32.925-28.68 7.366-58.156 11.147-87.758 11.255zM1141.589 289.204l11.514-3.878v252.004l-4.915 2.372c-18.885 8.983-38.6 16.067-58.866 21.15-24.61 6.367-49.911 9.643-75.324 9.75-7.598 0-15.139-0.317-22.451-0.955l-7.886-0.694v-259.151l9.182 0.608c6.678 0.435 13.585 0.637 21.098 0.637 32.262-0.115 64.387-4.235 95.644-12.268 10.736-2.835 21.415-6.018 32.005-9.577z",
          "M770.699 696.461c-1.655-1.717-3.651-3.065-5.857-3.957s-4.575-1.308-6.952-1.222c-2.533-0.034-5.047 0.438-7.397 1.389-2.155 0.858-4.113 2.147-5.756 3.79-1.626 1.648-2.891 3.618-3.714 5.787-0.902 2.272-1.352 4.7-1.323 7.146v43.167c-0.104 3.041 0.477 6.068 1.698 8.853 1.019 2.212 2.491 4.184 4.318 5.787 1.725 1.453 3.75 2.5 5.929 3.067 2.099 0.589 4.268 0.891 6.447 0.897 2.404 0.024 4.784-0.49 6.965-1.504 2.158-0.944 4.113-2.301 5.757-3.994 1.603-1.677 2.881-3.639 3.771-5.787 0.923-2.177 1.393-4.519 1.381-6.886v-4.831h-11.282v3.848c0.033 1.314-0.192 2.621-0.662 3.848-0.368 0.918-0.927 1.748-1.641 2.43-0.7 0.564-1.501 0.988-2.361 1.244-0.761 0.254-1.558 0.39-2.36 0.405-1.007 0.117-2.028-0.034-2.957-0.441-0.931-0.406-1.737-1.052-2.339-1.873-1.064-1.735-1.585-3.75-1.496-5.787v-40.245c-0.071-2.231 0.404-4.446 1.381-6.451 0.586-0.911 1.414-1.638 2.392-2.099s2.064-0.636 3.135-0.505c0.973-0.034 1.939 0.168 2.816 0.592s1.64 1.055 2.221 1.839c1.263 1.658 1.923 3.7 1.872 5.787v3.732h11.167v-4.398c0.023-2.583-0.446-5.146-1.381-7.551-0.834-2.262-2.117-4.329-3.771-6.076z",
          "M837.733 695.968c-3.598-3.038-8.139-4.716-12.838-4.745-2.298 0.009-4.577 0.421-6.735 1.215-2.191 0.785-4.213 1.983-5.959 3.529-1.869 1.68-3.361 3.742-4.375 6.047-1.137 2.636-1.696 5.489-1.641 8.362v41.403c-0.077 2.913 0.482 5.806 1.641 8.478 1.021 2.225 2.514 4.201 4.375 5.786 1.725 1.602 3.751 2.841 5.959 3.647 2.157 0.794 4.436 1.205 6.735 1.215 2.299-0.005 4.578-0.416 6.736-1.215 2.245-0.817 4.316-2.054 6.102-3.647 1.8-1.615 3.249-3.584 4.26-5.786 1.158-2.672 1.718-5.565 1.641-8.478v-41.403c0.056-2.873-0.504-5.725-1.641-8.362-1.005-2.281-2.453-4.337-4.26-6.047zM832.465 751.78c0.096 1.104-0.057 2.214-0.445 3.251-0.389 1.037-1.004 1.972-1.8 2.739-1.49 1.249-3.369 1.934-5.31 1.934s-3.821-0.685-5.31-1.934c-0.796-0.767-1.411-1.702-1.8-2.739-0.388-1.037-0.54-2.147-0.446-3.251v-41.403c-0.094-1.104 0.058-2.214 0.446-3.251 0.389-1.037 1.004-1.973 1.8-2.739 1.489-1.249 3.369-1.934 5.31-1.934s3.82 0.685 5.31 1.934c0.796 0.766 1.411 1.702 1.8 2.739 0.388 1.037 0.54 2.147 0.445 3.251v41.403z",
          "M925.779 770.269v-78.378h-10.851l-14.247 41.489h-0.201l-14.362-41.489h-10.736v78.378h11.196v-47.681h0.201l10.967 33.707h5.583l11.054-33.707h0.201v47.681h11.196z",
          "M989.389 697.386c-1.724-1.934-3.9-3.407-6.332-4.283-2.62-0.852-5.363-1.263-8.117-1.215h-16.637v78.379h11.167v-30.611h5.757c3.484 0.158 6.951-0.579 10.074-2.141 2.538-1.41 4.656-3.478 6.13-5.989 1.293-2.084 2.163-4.405 2.562-6.828 0.439-2.949 0.642-5.93 0.604-8.911 0.108-3.764-0.259-7.526-1.095-11.197-0.744-2.712-2.161-5.192-4.115-7.204zM983.632 721.284c-0.048 1.419-0.402 2.811-1.035 4.080-0.638 1.205-1.649 2.17-2.879 2.748-1.654 0.741-3.459 1.077-5.267 0.984h-5.095v-26.647h5.756c1.734-0.085 3.462 0.253 5.038 0.983 1.154 0.663 2.071 1.676 2.619 2.893 0.61 1.377 0.942 2.863 0.978 4.369 0 1.65 0 3.385 0 5.208s0.115 3.703 0 5.382h-0.116z",
          "M1042.291 691.891h-9.152l-17.27 78.378h11.168l3.281-16.839h15.226l3.281 16.839h11.167l-17.702-78.378zM1031.987 742.754l5.498-28.411h0.201l5.468 28.411h-11.167z",
          "M1114.45 739.108h-0.201l-16.868-47.218h-10.735v78.378h11.167v-47.131h0.23l17.068 47.131h10.506v-78.378h-11.167v47.218z",
          "M1182.697 691.891l-8.988 31.16h-0.228l-8.977-31.16h-11.833l15.337 45.251v33.128h11.173v-33.128l15.337-45.251h-11.822z",
          "M739.556 792.4h5.383v15.103h3.655v-15.103h5.354v-3.096h-14.392v3.096z",
          "M784.802 789.304l-7.052 18.199h3.886l1.497-4.137h7.253l1.554 4.137h3.972l-7.225-18.199h-3.886zM784.226 800.298l2.476-6.741 2.475 6.741h-4.95z",
          "M829.53 800.792h4.203v2.344c-1.228 0.984-2.748 1.523-4.318 1.534-0.734 0.041-1.467-0.096-2.138-0.397-0.671-0.303-1.261-0.761-1.719-1.339-0.965-1.386-1.44-3.056-1.353-4.745 0-4.050 1.756-6.076 5.238-6.076 0.917-0.092 1.836 0.15 2.591 0.68 0.755 0.53 1.296 1.315 1.526 2.212l3.598-0.694c-0.777-3.559-3.338-5.352-7.714-5.352-2.339-0.063-4.615 0.776-6.36 2.344-0.917 0.905-1.627 2-2.079 3.21-0.453 1.209-0.637 2.503-0.54 3.791-0.107 2.491 0.726 4.929 2.331 6.829 0.891 0.919 1.971 1.633 3.163 2.092s2.47 0.653 3.744 0.569c2.848 0.080 5.614-0.958 7.714-2.893v-7.175h-7.887v3.066z",
          "M875.208 789.304h-3.684v18.199h12.751v-3.096h-9.067v-15.103z",
          "M913.835 789.304h-3.684v18.199h3.684v-18.199z",
          "M951.598 801.456l-7.455-12.153h-3.569v18.199h3.425v-11.891l7.311 11.891h3.656v-18.199h-3.368v12.153z",
          "M985.733 799.488h9.067v-3.096h-9.067v-3.992h9.758v-3.096h-13.442v18.199h13.816v-3.096h-10.132v-4.919z",
          "M1068.512 796.48h-7.167v-7.176h-3.656v18.199h3.656v-7.956h7.167v7.956h3.656v-18.199h-3.656v7.176z",
          "M1102.85 799.488h9.095v-3.096h-9.095v-3.992h9.786v-3.096h-13.442v18.199h13.788v-3.096h-10.132v-4.919z",
          "M1149.417 799.489c3.174-0.492 4.779-2.17 4.779-5.063 0.091-0.774-0.023-1.559-0.341-2.271-0.307-0.713-0.808-1.328-1.445-1.779-1.638-0.828-3.482-1.197-5.325-1.071h-7.714v18.199h3.664v-7.609h0.717c0.774-0.048 1.559 0.091 2.276 0.405 0.535 0.33 0.978 0.786 1.297 1.331l3.971 5.787h4.369l-2.219-3.559c-0.978-1.757-2.355-3.254-4.028-4.369zM1145.731 796.972h-2.697v-4.572h2.879c1.252-0.101 2.514 0.046 3.709 0.433 0.262 0.236 0.478 0.528 0.614 0.856s0.205 0.683 0.182 1.039c-0.011 0.355-0.114 0.703-0.273 1.016-0.171 0.313-0.41 0.585-0.694 0.793-1.206 0.369-2.458 0.515-3.721 0.435z",
          "M1184.54 799.488h9.057v-3.096h-9.057v-3.992h9.785v-3.096h-13.471v18.199h13.813v-3.096h-10.126v-4.919z"
        ],
        "attrs": [],
        "width": 1934,
        "grid": 0,
        "tags": [
          "icon-part2"
        ]
      },
      "attrs": [],
      "properties": {
        "order": 40,
        "id": 6,
        "name": "icon-part2",
        "prevSize": 32
      },
      "setIdx": 0,
      "setId": 2,
      "iconIdx": 12
    },
    {
      "icon": {
        "paths": [
          "M811.753 748.596c0.171 0.005 0.339 0.041 0.495 0.108s0.296 0.163 0.412 0.282l2.342 2.454c-1.817 1.985-4.064 3.575-6.584 4.657-2.953 1.181-6.135 1.751-9.337 1.673-3.007 0.059-5.996-0.472-8.779-1.561-2.51-1-4.766-2.503-6.614-4.407-1.886-1.974-3.339-4.287-4.272-6.804-1.023-2.806-1.528-5.758-1.493-8.728-0.042-2.989 0.504-5.96 1.609-8.756 1.023-2.533 2.565-4.846 4.536-6.805 1.999-1.919 4.39-3.428 7.024-4.434 2.883-1.064 5.952-1.594 9.043-1.561 2.872-0.067 5.728 0.418 8.399 1.422 2.319 0.958 4.446 2.288 6.292 3.932l-1.96 2.621c-0.135 0.184-0.304 0.345-0.497 0.473-0.231 0.151-0.511 0.221-0.791 0.196-0.304-0.020-0.596-0.116-0.849-0.279l-1.052-0.697-1.464-0.892c-0.631-0.331-1.287-0.62-1.96-0.865-0.868-0.296-1.758-0.529-2.664-0.697-1.148-0.201-2.314-0.295-3.482-0.279-2.227-0.026-4.435 0.372-6.498 1.171-1.923 0.741-3.658 1.863-5.092 3.292-1.46 1.519-2.584 3.302-3.308 5.242-0.824 2.22-1.23 4.561-1.199 6.917-0.035 2.39 0.371 4.77 1.199 7.027 0.715 1.924 1.818 3.696 3.249 5.214 1.34 1.417 3.001 2.522 4.857 3.235 1.91 0.755 3.961 1.134 6.029 1.116 1.195 0.017 2.388-0.057 3.57-0.223 1.93-0.225 3.781-0.864 5.414-1.868 0.819-0.515 1.593-1.093 2.312-1.729 0.302-0.273 0.697-0.432 1.113-0.446z",
          "M879.355 736.265c0.036 2.959-0.499 5.898-1.58 8.672-0.953 2.516-2.456 4.811-4.408 6.733-1.952 1.923-4.31 3.429-6.918 4.42-5.73 2.082-12.064 2.082-17.793 0-2.591-1.007-4.933-2.517-6.878-4.434-1.95-1.957-3.465-4.271-4.448-6.803-2.108-5.617-2.108-11.756 0-17.373 0.998-2.533 2.509-4.854 4.448-6.831 1.96-1.857 4.302-3.309 6.878-4.266 5.722-2.12 12.071-2.12 17.793 0 2.6 1.006 4.952 2.516 6.906 4.433 1.927 1.939 3.429 4.223 4.419 6.72 1.084 2.793 1.62 5.751 1.58 8.728zM873.21 736.265c0.046-2.367-0.33-4.724-1.113-6.971-0.655-1.924-1.721-3.7-3.131-5.213-1.372-1.434-3.062-2.557-4.946-3.29-4.163-1.525-8.771-1.525-12.935 0-1.884 0.734-3.573 1.857-4.945 3.29-1.429 1.505-2.507 3.282-3.161 5.213-1.489 4.54-1.489 9.404 0 13.942 0.66 1.93 1.737 3.706 3.161 5.214 1.373 1.424 3.063 2.538 4.945 3.262 4.171 1.486 8.765 1.486 12.935 0 1.883-0.724 3.573-1.838 4.946-3.262 1.404-1.518 2.469-3.292 3.131-5.214 0.786-2.246 1.162-4.603 1.113-6.971z",
          "M925.478 743.574l0.614 1.561c0.234-0.558 0.439-1.059 0.674-1.561 0.223-0.525 0.477-1.037 0.761-1.534l14.954-25.9c0.294-0.446 0.556-0.725 0.849-0.809 0.398-0.115 0.815-0.163 1.23-0.139h4.418v42.127h-5.238v-30.976c0-0.39 0-0.836 0-1.31-0.027-0.484-0.027-0.967 0-1.451l-15.041 26.264c-0.191 0.393-0.497 0.726-0.881 0.958-0.385 0.232-0.831 0.355-1.286 0.352h-0.849c-0.455 0.007-0.903-0.114-1.288-0.347s-0.689-0.568-0.877-0.963l-15.482-26.432c0 0.502 0 1.005 0 1.506s0 0.948 0 1.338v30.975h-5.062v-42.043h4.418c0.415-0.024 0.832 0.024 1.23 0.139 0.363 0.172 0.652 0.457 0.819 0.809l15.277 25.929c0.299 0.479 0.554 0.983 0.76 1.505z",
          "M981.755 741.481v15.781h-5.854v-42.072h13.053c2.464-0.044 4.921 0.265 7.287 0.92 1.894 0.511 3.651 1.405 5.151 2.62 1.299 1.14 2.302 2.552 2.926 4.127 0.691 1.716 1.029 3.543 0.994 5.381 0.026 1.845-0.342 3.676-1.082 5.381-0.704 1.615-1.785 3.054-3.161 4.21-1.502 1.266-3.267 2.216-5.18 2.789-2.278 0.693-4.661 1.023-7.053 0.975l-7.082-0.112zM981.755 736.965h7.082c1.538 0.018 3.070-0.198 4.536-0.642 1.209-0.388 2.324-1.004 3.278-1.812 0.88-0.771 1.56-1.725 1.99-2.788 0.479-1.124 0.718-2.328 0.702-3.541 0.068-1.17-0.132-2.339-0.587-3.427-0.455-1.089-1.153-2.068-2.047-2.874-2.236-1.663-5.044-2.469-7.872-2.258h-7.082v17.342z",
          "M1060.42 757.319h-4.624c-0.464 0.016-0.919-0.122-1.288-0.391-0.332-0.262-0.593-0.596-0.761-0.975l-3.98-10.177h-19.987l-4.127 10.177c-0.151 0.372-0.404 0.699-0.732 0.948-0.372 0.286-0.84 0.433-1.318 0.419h-4.624l17.559-42.132h6.087l17.794 42.132zM1031.448 741.675h16.506l-6.965-17.149c-0.532-1.289-0.973-2.612-1.318-3.959l-0.672 2.203c-0.205 0.67-0.439 1.283-0.644 1.785l-6.906 17.12z",
          "M1085.705 715.382c0.35 0.183 0.651 0.44 0.878 0.753l25.607 31.759c0-0.503 0-1.005 0-1.478 0-0.474 0-0.948 0-1.395v-29.835h5.238v42.132h-2.926c-0.415 0.011-0.827-0.074-1.199-0.251-0.362-0.2-0.679-0.465-0.936-0.781l-25.578-31.73c0.028 0.482 0.028 0.966 0 1.45 0 0.474 0 0.892 0 1.282v30.031h-5.238v-42.132h3.103c0.362-0.009 0.721 0.057 1.052 0.196z",
          "M1160.567 740.561v16.73h-5.86v-16.73l-16.179-25.372h5.234c0.455-0.026 0.899 0.102 1.263 0.362 0.319 0.271 0.592 0.592 0.796 0.948l10.115 16.368c0.41 0.696 0.762 1.338 1.058 1.951s0.523 1.199 0.728 1.785l0.762-1.812c0.284-0.663 0.614-1.306 1.001-1.924l9.978-16.48c0.205-0.329 0.466-0.629 0.762-0.892 0.341-0.289 0.796-0.439 1.252-0.418h5.302l-16.213 25.484z",
          "M922.581 644.486c2.546 0.306 5.121 0.558 7.726 0.781 39.488-16.83 72.893-44.376 96.040-79.193 23.147-34.818 35.009-75.363 34.104-116.569l-43.518-41.461c8.848 43.87 4.709 89.221-11.953 130.979-16.664 41.758-45.194 78.273-82.398 105.463z",
          "M907.041 642.558l1.171 0.223c39.756-27.093 70.068-64.926 87.013-108.608 16.946-43.68 19.747-91.201 8.041-136.415l-61.984-59.053c25.071 48.541 35.162 102.864 29.101 156.654-6.062 53.79-28.027 104.835-63.341 147.199z",
          "M1117.253 498.189c-10.53 45.276-36.106 86.107-72.929 116.434-10.754 8.905-22.354 16.839-34.65 23.699 29.985-8.396 57.544-23.241 80.555-43.389 23.010-20.149 40.858-45.063 52.168-72.821l-25.144-23.923z",
          "M1107.391 491.522l-35.792-34.1c-0.684 38.878-12.285 76.872-33.596 110.032-21.312 33.162-51.556 60.278-87.591 78.535h0.175c8.030-0.003 16.053-0.46 24.028-1.366 33.676-13.096 63.424-33.93 86.593-60.645s39.035-58.478 46.184-92.456z",
          "M912.221 313.803l-42.699-40.736c-38.17 14.053-70.998 38.757-94.189 70.88-23.189 32.123-35.659 70.168-35.779 109.155v0c0.143 43.080 15.362 84.883 43.249 118.794 27.886 33.911 66.847 57.994 110.716 68.435 39.161-45.458 62.090-101.627 65.452-160.348 3.363-58.721-13.014-116.934-46.751-166.18z",
          "M1206.044 485.251c-0.159-51.111-21.538-100.088-59.472-136.23-37.932-36.142-89.338-56.51-142.986-56.657-24.79-0.025-49.369 4.334-72.49 12.853l261.431 249.069c8.943-22.017 13.528-45.426 13.517-69.036z"
        ],
        "attrs": [],
        "width": 1934,
        "grid": 0,
        "tags": [
          "icon-part3"
        ]
      },
      "attrs": [],
      "properties": {
        "order": 35,
        "id": 5,
        "name": "icon-part3",
        "prevSize": 32
      },
      "setIdx": 0,
      "setId": 2,
      "iconIdx": 13
    },
    {
      "icon": {
        "paths": [
          "M653.107 419.050h-0.031c-25.741 0-46.607 20.333-46.607 45.417v0.030c0 25.083 20.866 45.418 46.607 45.418h0.031c25.74 0 46.606-20.334 46.606-45.418v-0.030c0-25.083-20.866-45.417-46.606-45.417z",
          "M997.111 404.531c-0.073-34.84-14.305-68.233-39.582-92.87-25.277-24.639-59.539-38.515-95.29-38.595v0c-35.761 0.064-70.040 13.933-95.331 38.573-25.289 24.64-39.53 58.041-39.604 92.892v192.122c0 0 269.776-29.281 269.807-192.092v-0.030z",
          "M511.999 659.71c0.065 24.241 9.974 47.473 27.56 64.617s41.422 26.808 66.297 26.879c24.871-0.071 48.701-9.73 66.287-26.867 17.587-17.138 27.499-40.362 27.572-64.598v-133.681c0 0-187.716 20.389-187.716 133.651zM605.856 683.661c-4.861 0-9.613-1.404-13.654-4.037-4.041-2.632-7.192-6.372-9.052-10.749s-2.347-9.192-1.398-13.839c0.948-4.647 3.289-8.914 6.727-12.264s7.817-5.631 12.584-6.555c4.767-0.924 9.71-0.449 14.201 1.363s8.33 4.882 11.031 8.821c2.7 3.939 4.142 8.57 4.142 13.307 0.013 3.153-0.614 6.277-1.844 9.193s-3.038 5.567-5.321 7.802c-2.284 2.233-4.997 4.005-7.985 5.214s-6.192 1.832-9.428 1.832v-0.090z",
          "M797.458 668.799h-19.2v19.834h-10v-48.533h31.6v8.1h-21.6v12.534h19.2v8.066zM845.525 665.467c0 4.778-0.844 8.967-2.534 12.567-1.688 3.6-4.111 6.377-7.266 8.333-3.133 1.956-6.733 2.933-10.801 2.933-4.022 0-7.611-0.967-10.766-2.9-3.156-1.933-5.6-4.689-7.334-8.266-1.733-3.6-2.611-7.733-2.633-12.401v-2.4c0-4.778 0.856-8.978 2.567-12.6 1.733-3.645 4.167-6.434 7.3-8.367 3.155-1.956 6.755-2.933 10.8-2.933s7.633 0.977 10.767 2.933c3.155 1.933 5.589 4.722 7.3 8.367 1.733 3.622 2.6 7.811 2.6 12.567v2.166zM835.392 663.266c0-5.088-0.911-8.955-2.734-11.6-1.822-2.644-4.421-3.966-7.799-3.966-3.355 0-5.945 1.311-7.766 3.933-1.823 2.6-2.744 6.422-2.767 11.467v2.367c0 4.955 0.911 8.8 2.733 11.534 1.823 2.733 4.445 4.099 7.867 4.099 3.356 0 5.934-1.311 7.733-3.933 1.8-2.644 2.711-6.489 2.734-11.534v-2.367zM877.958 675.9c0-1.889-0.667-3.334-2-4.334-1.333-1.022-3.733-2.089-7.2-3.199-3.467-1.133-6.211-2.245-8.234-3.334-5.51-2.978-8.266-6.989-8.266-12.033 0-2.623 0.733-4.956 2.199-7.001 1.489-2.066 3.611-3.677 6.367-4.833 2.778-1.155 5.889-1.733 9.333-1.733 3.467 0 6.556 0.634 9.267 1.9 2.711 1.245 4.811 3.011 6.3 5.3 1.511 2.289 2.266 4.889 2.266 7.801h-10c0-2.223-0.7-3.945-2.1-5.167-1.399-1.245-3.367-1.867-5.899-1.867-2.445 0-4.345 0.522-5.7 1.567-1.355 1.022-2.033 2.378-2.033 4.066 0 1.578 0.788 2.9 2.367 3.966 1.6 1.067 3.945 2.067 7.034 3 5.689 1.711 9.833 3.833 12.432 6.367 2.601 2.533 3.9 5.689 3.9 9.466 0 4.201-1.588 7.5-4.766 9.9-3.178 2.378-7.456 3.567-12.834 3.567-3.733 0-7.133-0.678-10.199-2.033-3.067-1.378-5.411-3.255-7.034-5.633-1.6-2.378-2.4-5.134-2.4-8.267h10.033c0 5.356 3.199 8.034 9.599 8.034 2.378 0 4.234-0.478 5.567-1.434 1.333-0.977 2-2.334 2-4.066zM931.325 648.2h-14.866v40.433h-10v-40.433h-14.667v-8.1h39.533v8.1zM966.258 667.6h-19.2v13h22.534v8.033h-32.534v-48.533h32.466v8.1h-22.467v11.567h19.2v7.834zM993.424 670.867h-7.967v17.766h-10v-48.533h18.034c5.733 0 10.156 1.278 13.266 3.833s4.666 6.167 4.666 10.834c0 3.311-0.721 6.077-2.166 8.299-1.422 2.2-3.589 3.956-6.5 5.267l10.501 19.834v0.466h-10.734l-9.1-17.766zM985.458 662.767h8.067c2.511 0 4.456-0.634 5.833-1.9 1.378-1.289 2.066-3.056 2.066-5.3 0-2.289-0.655-4.089-1.966-5.4-1.289-1.312-3.278-1.967-5.967-1.967h-8.034v14.567zM1046.058 671.534v17.1h-10v-48.533h18.933c3.645 0 6.845 0.667 9.601 2 2.777 1.333 4.911 3.234 6.4 5.699 1.489 2.445 2.233 5.234 2.233 8.367 0 4.756-1.634 8.511-4.9 11.266-3.244 2.734-7.744 4.101-13.5 4.101h-8.767zM1046.058 663.434h8.933c2.645 0 4.656-0.622 6.034-1.867 1.401-1.245 2.1-3.022 2.1-5.333 0-2.378-0.7-4.301-2.1-5.767-1.399-1.467-3.333-2.222-5.799-2.266h-9.167v15.234zM1109.324 667.6h-19.2v13h22.534v8.033h-32.534v-48.533h32.466v8.1h-22.467v11.567h19.2v7.834zM1155.721 648.2h-14.859v40.433h-10.003v-40.433h-14.666v-8.1h39.529v8.1zM1190.662 667.6h-19.206v13h22.539v8.033h-32.54v-48.533h32.472v8.1h-22.471v11.567h19.206v7.834zM1217.82 670.867h-7.964v17.766h-10.001v-48.533h18.034c5.734 0 10.16 1.278 13.266 3.833 3.118 2.555 4.665 6.167 4.665 10.834 0 3.311-0.717 6.077-2.162 8.299-1.422 2.2-3.584 3.956-6.497 5.267l10.502 19.834v0.466h-10.741l-9.102-17.766zM1209.856 662.767h8.067c2.514 0 4.46-0.634 5.837-1.9 1.377-1.289 2.059-3.056 2.059-5.3 0-2.289-0.649-4.089-1.957-5.4-1.297-1.312-3.277-1.967-5.973-1.967h-8.033v14.567zM1268.622 675.9c0-1.889-0.66-3.334-2.002-4.334-1.331-1.022-3.732-2.089-7.191-3.199-3.47-1.133-6.212-2.245-8.238-3.334-5.507-2.978-8.272-6.989-8.272-12.033 0-2.623 0.74-4.956 2.207-7.001 1.49-2.066 3.607-3.677 6.36-4.833 2.776-1.155 5.894-1.733 9.341-1.733 3.459 0 6.554 0.634 9.262 1.9 2.708 1.245 4.813 3.011 6.303 5.3 1.513 2.289 2.264 4.889 2.264 7.801h-10.001c0-2.223-0.694-3.945-2.094-5.167-1.399-1.245-3.368-1.867-5.905-1.867-2.446 0-4.346 0.522-5.7 1.567-1.354 1.022-2.037 2.378-2.037 4.066 0 1.578 0.796 2.9 2.367 3.966 1.604 1.067 3.948 2.067 7.043 3 5.689 1.711 9.83 3.833 12.425 6.367 2.606 2.533 3.903 5.689 3.903 9.466 0 4.201-1.593 7.5-4.767 9.9-3.174 2.378-7.452 3.567-12.834 3.567-3.732 0-7.134-0.678-10.194-2.033-3.072-1.378-5.416-3.255-7.031-5.633-1.604-2.378-2.401-5.134-2.401-8.267h10.024c0 5.356 3.209 8.034 9.603 8.034 2.378 0 4.233-0.478 5.564-1.434 1.343-0.977 2.002-2.334 2.002-4.066z"
        ],
        "attrs": [],
        "width": 1934,
        "grid": 0,
        "tags": [
          "icon-part4"
        ]
      },
      "attrs": [],
      "properties": {
        "order": 41,
        "id": 4,
        "name": "icon-part4",
        "prevSize": 32
      },
      "setIdx": 0,
      "setId": 2,
      "iconIdx": 14
    },
    {
      "icon": {
        "paths": [
          "M688.214 697.205c2.616 3.249 4.010 7.32 3.937 11.498 0.133 2.726-0.346 5.447-1.402 7.96-1.056 2.514-2.661 4.758-4.698 6.565-5.080 3.854-11.376 5.737-17.729 5.305h-31.167v-72.875h30.529c6.027-0.403 12.005 1.308 16.914 4.841 1.972 1.657 3.533 3.751 4.56 6.118 1.027 2.365 1.494 4.939 1.361 7.517 0.18 4.020-1.079 7.972-3.545 11.143-2.369 2.896-5.643 4.903-9.29 5.696 4.135 0.758 7.867 2.966 10.53 6.23zM651.658 686.204h13.049c2.965 0.221 5.911-0.638 8.297-2.42 0.98-0.892 1.742-1.998 2.228-3.232s0.682-2.565 0.573-3.888c0.092-1.319-0.108-2.641-0.587-3.872-0.478-1.231-1.222-2.34-2.179-3.248-2.458-1.832-5.494-2.706-8.545-2.456h-12.836v19.117zM674.28 714.151c1.047-0.914 1.871-2.056 2.405-3.341s0.768-2.675 0.679-4.065c0.080-1.405-0.163-2.81-0.71-4.106-0.547-1.297-1.384-2.45-2.445-3.369-2.553-1.901-5.693-2.834-8.864-2.635h-13.687v20.043h13.864c3.121 0.181 6.21-0.71 8.759-2.527z",
          "M750.62 728.534l-16.984-28.481h-6.383v28.481h-14.608v-72.875h27.657c6.971-0.488 13.863 1.729 19.253 6.195 3.866 3.955 6.197 9.166 6.575 14.696 0.377 5.528-1.225 11.010-4.519 15.458-3.412 3.924-8.073 6.541-13.19 7.405l18.084 29.121h-15.886zM727.254 690.121h11.95c8.297 0 12.445-3.68 12.445-11.036 0.085-1.503-0.142-3.006-0.668-4.416-0.525-1.41-1.336-2.694-2.381-3.773-2.621-2.189-5.998-3.251-9.396-2.955h-12.091l0.141 22.18z",
          "M830.472 713.865h-29.111l-5.14 14.667h-15.318l26.736-72.055h16.558l26.629 72.055h-15.317l-5.036-14.667zM826.572 702.828l-10.637-30.759-10.637 30.759h21.274z",
          "M930.428 728.533h-14.502l-32.515-49.556v49.556h-14.467v-72.875h14.467l32.515 49.841v-49.841h14.502v72.875z",
          "M1013.187 711.089c-2.998 5.502-7.567 9.977-13.12 12.851-6.312 3.202-13.319 4.78-20.388 4.593h-25.814v-72.875h25.814c7.058-0.185 14.054 1.354 20.388 4.486 5.551 2.808 10.125 7.24 13.12 12.709 2.984 5.927 4.54 12.476 4.54 19.117 0 6.642-1.555 13.191-4.54 19.118zM996.592 709.345c4.139-4.841 6.415-11.011 6.415-17.391 0-6.381-2.276-12.55-6.415-17.391-5.003-4.385-11.527-6.612-18.154-6.195h-10.070v47.171h10.070c6.628 0.416 13.152-1.809 18.154-6.194z",
          "M839.549 250.311c0 0 187.182 70.952 183.211 173.624v173.659c0 0-187.040-70.987-183.14-173.659l-0.071-173.624z",
          "M1189.524 556.938c35.351-24.426 76.231-39.555 118.921-44.002v-54.362c-49.186 19.032-90.908 53.542-118.921 98.364z",
          "M1168.282 573.315c28.934-58.495 79.098-103.634 140.163-126.132v-156.642c0 0-266.572 101.070-260.935 247.281v247.245c0 0 11.878-4.52 30.564-12.993 0-7.904 0-15.878 0.851-23.889 5.517-67.878 37.657-130.777 89.357-174.87z",
          "M1142.932 665.164c1.399-17.147 4.517-34.108 9.318-50.624-32.188 38.077-51.681 85.327-55.737 135.104-0.39 4.699-0.603 9.398-0.709 14.24 15.14-7.299 32.762-16.412 51.269-27.128-4.722-23.55-6.121-47.651-4.142-71.592z",
          "M1153.525 666.055c-1.775 21.66-0.66 43.462 3.3 64.828 72.829-43.753 154.67-111.359 151.518-193.062v-7.12c-52.042 5.846-100.716 28.685-138.57 65.006-8.863 22.51-14.336 46.219-16.247 70.348z"
        ],
        "attrs": [],
        "width": 1934,
        "grid": 0,
        "tags": [
          "icon-part5"
        ]
      },
      "attrs": [],
      "properties": {
        "order": 42,
        "id": 3,
        "name": "icon-part5",
        "prevSize": 32
      },
      "setIdx": 0,
      "setId": 2,
      "iconIdx": 15
    },
    {
      "icon": {
        "paths": [
          "M975.536 493.264c-4.755-6.942-7.030-15.147-6.49-23.405v-33.936c0-10.403 2.152-18.308 6.453-23.716 4.303-5.409 11.694-8.102 22.172-8.078 9.845 0 16.835 2.301 20.967 6.904 4.508 5.873 6.702 13.055 6.199 20.299v7.975h-17.613v-8.078c0.063-2.644-0.108-5.288-0.51-7.905-0.254-1.79-1.14-3.445-2.517-4.696-1.808-1.347-4.087-2.001-6.381-1.83-2.413-0.171-4.806 0.519-6.709 1.933-1.535 1.386-2.557 3.201-2.917 5.178-0.505 2.77-0.737 5.579-0.693 8.39v41.184c-0.278 3.974 0.499 7.95 2.261 11.566 0.876 1.223 2.092 2.194 3.515 2.802 1.422 0.61 2.995 0.834 4.544 0.65 2.256 0.176 4.495-0.494 6.235-1.864 1.436-1.348 2.359-3.108 2.626-5.006 0.411-2.732 0.594-5.491 0.546-8.251v-8.354h17.613v7.629c0.495 7.551-1.645 15.047-6.089 21.336-4.047 5.039-10.94 7.559-21.076 7.559-10.138 0-17.796-2.692-22.135-8.285z",
          "M1048.868 493.61c-4.449-5.283-6.673-12.981-6.673-23.165v-35.696c0-10.081 2.224-17.711 6.673-22.889s11.888-7.756 22.316-7.732c10.356 0 17.758 2.577 22.207 7.732 4.449 5.178 6.709 12.808 6.709 22.889v35.696c0 10.081-2.261 17.814-6.782 23.13-4.522 5.317-11.888 7.975-22.134 7.975-10.246 0-17.831-2.692-22.316-7.939zM1079.389 485.048c1.594-3.309 2.319-6.932 2.115-10.564v-43.704c0.205-3.561-0.509-7.116-2.079-10.357-0.893-1.249-2.14-2.236-3.597-2.846-1.457-0.611-3.066-0.82-4.644-0.606-1.582-0.209-3.194 0.003-4.656 0.613s-2.716 1.593-3.622 2.839c-1.603 3.232-2.33 6.791-2.115 10.357v43.911c-0.221 3.633 0.505 7.261 2.115 10.564 1.027 1.114 2.294 2.006 3.715 2.618 1.422 0.611 2.965 0.927 4.526 0.927 1.562 0 3.105-0.316 4.526-0.927 1.421-0.612 2.689-1.504 3.715-2.618v-0.207z",
          "M1121.286 405.169h18.961l14.256 65.861 14.586-65.861h18.455l1.855 95.064h-13.631l-1.456-66.068-14.086 66.068h-10.934l-14.587-66.31-1.348 66.31h-13.784l1.713-95.064z",
          "M1210.664 405.169h29.537c17.010 0 25.52 8.998 25.52 26.994 0 17.236-8.954 25.842-26.874 25.82h-10.058v42.25h-18.239l0.114-95.064zM1235.9 445.797c1.798 0.217 3.63 0.060 5.359-0.459 1.729-0.518 3.322-1.386 4.665-2.544 2.094-3.211 3.015-6.981 2.628-10.735 0.091-2.9-0.205-5.8-0.876-8.63-0.262-0.945-0.717-1.832-1.343-2.608-0.626-0.777-1.411-1.428-2.31-1.914-2.526-1.149-5.325-1.673-8.124-1.519h-7.077v28.408h7.077z",
          "M1292.015 405.169h19.581l20.093 95.064h-16.998l-3.971-21.919h-17.465l-4.085 21.919h-17.249l20.093-95.064zM1308.752 467.302l-6.815-39.903-6.827 39.903h13.642z",
          "M1347.914 405.169h12.766l24.428 54.229v-54.229h15.132v95.064h-12.14l-24.576-56.61v56.61h-15.644l0.034-95.064z",
          "M1435.682 463.987l-20.309-58.684h17.101l12.402 37.696 11.628-37.696h16.737l-20.048 58.684v36.246h-17.51v-36.246z",
          "M1003.688 541.797v4.971h-14.878v38.629h-6.235v-38.629h-14.95v-4.971h36.063z",
          "M1050.326 585.4h-4.813c-0.489 0.028-0.972-0.119-1.349-0.414-0.364-0.254-0.643-0.601-0.802-1.001l-4.303-10.356h-20.639l-4.303 10.356c-0.122 0.433-0.347 0.834-0.656 1.174-0.381 0.289-0.861 0.436-1.349 0.414h-4.813l18.233-43.599h6.344l18.451 43.426zM1020.133 569.211h17.212l-7.293-17.744c-0.538-1.341-0.989-2.714-1.349-4.107-0.255 0.828-0.474 1.622-0.693 2.313l-0.656 1.83-7.22 17.708z",
          "M1081.759 581.118c1.142 0.057 2.286 0.057 3.428 0 0.985-0.096 1.962-0.269 2.917-0.518 0.893-0.207 1.77-0.472 2.625-0.794 0.802-0.311 1.604-0.691 2.444-1.070v-9.805h-7.293c-0.181 0.010-0.361-0.016-0.53-0.075s-0.324-0.151-0.455-0.27c-0.119-0.098-0.214-0.221-0.278-0.358-0.063-0.137-0.092-0.287-0.086-0.436v-3.348h14.148v16.709c-1.155 0.782-2.375 1.475-3.647 2.071-1.3 0.608-2.654 1.105-4.047 1.485-1.492 0.415-3.016 0.716-4.559 0.898-1.767 0.185-3.544 0.278-5.324 0.276-3.145 0.025-6.265-0.527-9.189-1.622-2.731-1.040-5.211-2.59-7.293-4.558-2.030-1.988-3.628-4.334-4.704-6.904-1.15-2.89-1.719-5.959-1.678-9.045-0.038-3.107 0.518-6.195 1.642-9.115 1.048-2.584 2.65-4.935 4.704-6.905 2.081-1.962 4.562-3.5 7.293-4.523 3.122-1.112 6.436-1.662 9.772-1.622 1.698-0.002 3.393 0.125 5.069 0.38 1.481 0.229 2.935 0.598 4.339 1.105 1.275 0.454 2.497 1.032 3.647 1.726 1.117 0.682 2.178 1.443 3.172 2.279l-1.75 2.693c-0.138 0.246-0.341 0.452-0.592 0.597-0.25 0.147-0.537 0.225-0.831 0.231-0.404-0.013-0.795-0.132-1.131-0.346-0.547-0.275-1.13-0.621-1.786-1.035-0.776-0.46-1.593-0.853-2.444-1.174-1.087-0.412-2.208-0.736-3.354-0.966-1.528-0.266-3.079-0.394-4.631-0.38-2.406-0.025-4.795 0.385-7.038 1.208-2.029 0.77-3.858 1.949-5.36 3.452-1.511 1.568-2.666 3.413-3.392 5.42-1.629 4.723-1.629 9.813 0 14.535 0.799 2.050 2.040 3.92 3.647 5.489 1.496 1.496 3.311 2.673 5.324 3.453 2.319 0.753 4.776 1.047 7.22 0.862z",
          "M1139.883 580.426h19.911v4.971h-25.999v-43.6h6.236l-0.148 38.629z",
          "M1180.501 585.397h-6.235v-43.6h6.235v43.6z",
          "M1203.701 542.004c0.364 0.2 0.694 0.471 0.944 0.794l26.658 32.866c-0.034-0.517-0.034-1.035 0-1.553 0-0.484 0-0.967 0-1.415v-31.070h5.427v43.775h-3.129c-0.466 0.035-0.933-0.048-1.354-0.241-0.375-0.217-0.705-0.498-0.978-0.829l-26.624-32.831c0 0.518 0 1 0 1.484s0 0.933 0 1.347v31.070h-5.211v-43.603h3.243c0.353 0.001 0.705 0.072 1.024 0.207z",
          "M1282.64 541.797v4.798h-22.096v14.396h17.909v4.625h-17.909v14.88h22.096v4.798h-28.513v-43.497h28.513z",
          "M629.231 272.542l276.878 74.427v260.801l-276.878-74.391v-260.837zM611.472 250.311v295.737l312.359 83.988v-295.703l-312.359-84.023z",
          "M778.883 767.32l-312.394-84.059v-295.705l312.394 84.024v295.74z",
          "M616.651 269.194l273.268 73.492-116.214 110.049-273.303-73.528 116.249-110.014zM611.472 250.311l-144.984 137.251 312.394 84.021 144.947-137.251-312.358-84.021z",
          "M796.459 750.683l127.371-120.611-127.371-34.278v154.889z"
        ],
        "attrs": [],
        "width": 1934,
        "grid": 0,
        "tags": [
          "icon-part6"
        ]
      },
      "attrs": [],
      "properties": {
        "order": 43,
        "id": 2,
        "name": "icon-part6",
        "prevSize": 32
      },
      "setIdx": 0,
      "setId": 2,
      "iconIdx": 16
    },
    {
      "icon": {
        "paths": [
          "M544 0h-448c-52.938 0-96 43.062-96 96v832c0 52.941 43.062 96 96 96h448c52.938 0 96-43.059 96-96v-832c0-52.938-43.062-96-96-96zM96 64h448c17.656 0 32 14.344 32 32v672h-512v-672c0-17.656 14.344-32 32-32zM544 960h-448c-17.656 0-32-14.342-32-32v-96h512v96c0 17.658-14.344 32-32 32z",
          "M150.627 879.29c12.497 11.674 12.497 30.592 0 42.259-12.497 11.674-32.757 11.674-45.254 0-12.497-11.667-12.497-30.586 0-42.259 12.497-11.667 32.757-11.667 45.254 0z"
        ],
        "attrs": [],
        "width": 640,
        "grid": 0,
        "tags": [
          "icon-smartphone"
        ]
      },
      "attrs": [],
      "properties": {
        "order": 44,
        "id": 1,
        "name": "icon-smartphone",
        "prevSize": 32
      },
      "setIdx": 0,
      "setId": 2,
      "iconIdx": 17
    },
    {
      "icon": {
        "paths": [
          "M1024 194.496c-38.077 16.704-78.659 27.776-120.96 33.152 43.52-25.984 76.739-66.816 92.349-116.032-40.571 24.192-85.371 41.28-133.12 50.816-38.528-41.024-93.44-66.432-153.344-66.432-116.219 0-209.789 94.336-209.789 209.984 0 16.64 1.408 32.64 4.864 47.872-174.528-8.512-328.96-92.16-432.704-219.584-18.112 31.424-28.736 67.392-28.736 106.112 0 72.704 37.44 137.152 93.248 174.464-33.728-0.64-66.816-10.432-94.848-25.856 0 0.64 0 1.472 0 2.304 0 102.016 72.768 186.752 168.192 206.269-17.088 4.675-35.712 6.912-55.040 6.912-13.44 0-27.008-0.763-39.744-3.584 27.2 83.139 104.384 144.261 196.16 146.243-71.424 55.875-162.112 89.533-260.288 89.533-17.216 0-33.728-0.763-50.24-2.877 92.992 59.971 203.2 94.208 322.048 94.208 386.304 0 597.504-320 597.504-597.376 0-9.28-0.317-18.24-0.768-27.136 41.667-29.568 76.672-66.496 105.216-108.992z"
        ],
        "attrs": [],
        "grid": 0,
        "tags": [
          "icon-twit"
        ]
      },
      "attrs": [],
      "properties": {
        "order": 32,
        "id": 0,
        "name": "icon-twit",
        "prevSize": 32
      },
      "setIdx": 0,
      "setId": 2,
      "iconIdx": 18
    }
  ],
  "height": 1024,
  "preferences": {
    "showGlyphs": true,
    "showQuickUse": true,
    "showQuickUse2": true,
    "showSVGs": true,
    "fontPref": {
      "prefix": "icon-",
      "metadata": {
        "fontFamily": "icomoon"
      },
      "metrics": {
        "emSize": 1024,
        "baseline": 6.25,
        "whitespace": 50
      },
      "embed": false
    },
    "imagePref": {
      "prefix": "",
      "png": false,
      "useClassSelector": true,
      "color": 0,
      "bgColor": 16777215,
      "classSelector": ".icon",
      "name": "icomoon",
      "height": 32,
      "columns": 16,
      "margin": 16,
      "minifyJs": true
    },
    "historySize": 50,
    "showCodes": true,
    "gridSize": 16
  }
}